StudyHours,Attendance,TestScore,SleepHours,Participation,Result
4.993428306022466,89.26177547531641,80.99033154879004,7.667541614249957,6,Pass
3.723471397657631,99.0941664047013,73.86950524369153,5.6732214255072,3,Pass
5.295377076201385,66.01432426180858,60.89445554880261,5.272701674866539,8,Fail
7.046059712816051,85.62969236690572,50.295948334416394,6.494938313883572,3,Pass
3.531693250553328,73.49357430878173,70.47334970420386,6.244723066212607,2,Pass
3.531726086101639,75.12874616235304,65.90228078132624,5.820157926009087,3,Pass
7.158425631014783,74.07606075761132,73.42789830041599,7.544581171185073,6,Pass
5.534869458305818,71.36009230320184,69.52757702522955,7.932957812855766,2,Pass
3.0610512281300957,80.48521627944827,75.74329072979003,6.632610329437771,8,Pass
5.085120087171929,71.69049883588963,51.97147182659148,8.716295121582892,1,Pass
3.0731646143750755,82.70456825779839,79.76091098451488,4.787466328799742,7,Fail
3.068540492859486,79.49761890550863,62.96399407038599,6.209510811080423,2,Pass
4.483924543132068,77.6105195313359,91.12891308937898,5.424766519095792,10,Pass
0.17343951068440422,70.92436337958402,49.66218272865648,3.70019507439041,6,Fail
0.5501643349739345,74.23228669431667,86.03945704747875,6.375978971235951,2,Fail
2.8754249415180544,87.55391225825755,62.96866175193972,6.3173787374250745,2,Fail
1.9743377593311524,85.00917187624381,50.22872994578327,8.770174614863198,10,Fail
4.628494665190548,70.22444755201448,52.741712489185176,7.446217526832166,8,Pass
2.1839518489575784,80.99332305429226,55.1947903770852,4.963719763506193,2,Fail
1.175392597329417,87.5138712337179,66.36248919602875,9.281138849501282,7,Fail
6.931297537843108,63.305947188786284,67.8425323205325,8.33155054328803,3,Fail
3.5484473990269287,85.43360192379934,51.394499940921314,7.373146555202924,8,Pass
4.1350564093758475,73.37376241054153,59.634681116085254,6.160273851725252,7,Pass
1.1505036275730864,85.70598668593159,92.13405537917795,5.0608411449147805,8,Fail
2.9112345509496347,72.36740843457483,85.91314755151066,5.9416898358934205,7,Fail
4.2218451794197325,61.95117899335481,66.54485504511048,8.13312292955628,6,Fail
1.6980128451553944,63.72457562116837,60.570052172523006,9.326879458901914,7,Fail
4.751396036691344,80.48084946661382,61.80046990077392,8.814865292408284,5,Pass
2.79872262016239,82.59722501721483,69.20276959095625,5.766725867320589,7,Fail
3.4166125004134464,70.95683374895592,44.658111522023916,4.820573850066483,1,Fail
2.796586775541206,86.38592458777374,56.139351938649824,6.711329370366806,1,Fail
7.704556369017876,63.3847993773104,34.97123889183616,3.8473409516557227,9,Fail
3.973005550524132,79.33920201352683,65.98834683907918,6.984751571277172,5,Pass
1.8845781420881993,67.88983800237543,69.70793909554112,6.278596120551997,5,Fail
5.645089824206378,73.4816389219784,52.75220306550939,5.800945247197637,3,Pass
1.5583127000579555,80.47398671316414,83.6098014493505,4.1079453990998065,5,Fail
4.4177271900095105,71.39586634716048,41.61351505496488,7.270400159854574,3,Fail
0.08065975224044886,76.15444455770175,38.0343767968527,5.700948740507133,9,Fail
1.343627902203139,90.0629280921444,63.36677727839958,4.745124746434568,9,Fail
4.393722471738247,74.23108130476851,75.70647453918232,3.0,6,Fail
5.476933159990821,88.35692112065142,85.25891537186803,6.458727642424045,1,Pass
4.342736562379941,68.70293145342382,53.1167360569659,9.158377395004617,7,Fail
3.768703435223519,85.29804177915283,76.18021250146944,8.991888821821805,7,Pass
3.3977926088214225,94.41568620657901,59.422372957489394,5.814355615120592,10,Pass
1.0429560192651453,55.283554998727105,57.41059050088771,5.596681909457329,10,Fail
2.5603115832105825,72.03104744529523,73.25489906230008,7.203161384112535,4,Fail
3.078722458080425,85.7707212718054,69.78484317620129,5.002421841217563,8,Pass
6.114244452437831,77.96954613957007,36.35411764523626,6.952687849729199,6,Fail
4.687236579136923,83.71145873371309,82.14810524588844,7.649120417577036,4,Pass
0.4739196892745321,73.9601481328418,80.70137031221176,8.340399835826462,4,Fail
4.64816793878959,80.865897874729,50.61655947735706,6.349768885280071,2,Pass
3.229835439167367,78.44322764607921,65.93705300156114,6.194489374734551,2,Pass
2.6461559993880828,91.67782061659807,67.41045279424108,5.183026119865159,4,Fail
5.2233525776817356,82.54420843301213,63.910106487358604,5.2596794689402095,5,Pass
6.061999044991902,83.37602662075201,51.7454226923187,6.16028166214771,8,Pass
5.862560238232398,75.88123033877532,49.92564948092922,7.051048260224267,6,Fail
2.3215649535547227,75.12393775927507,59.61668893512832,7.870376939349875,4,Fail
3.3815752482975707,75.6744181218038,77.59093528889048,5.295231573979483,7,Pass
4.662526862807128,83.94452142378297,68.15400231891648,8.739032853439284,8,Pass
5.951090254244718,75.79015519179737,54.44078501870841,6.093314598436147,2,Pass
3.04165152430942,82.89774856896413,71.57548065972517,6.467949058477346,7,Pass
3.628682046672366,100.0,17.27186069054887,5.379182481278265,2,Fail
1.7873300519879436,88.71124703431693,77.23148550558156,3.0,2,Fail
1.6075867518386584,76.73976467832159,33.904293318328506,7.826068094541575,8,Fail
5.625051644788396,92.01213922163944,54.563385878953014,7.60526584563865,2,Pass
6.712480057141645,75.91924626978448,43.20495158060784,6.07800866432268,9,Fail
3.855979756839332,59.61875464822146,40.57977786418641,6.600486075837308,1,Fail
6.007065795784048,69.91913689082595,77.41240181067779,7.273908826556149,9,Fail
4.723272050095268,61.29208078974145,52.98448198032163,4.156181214670186,1,Fail
2.7097604907897512,76.48486515958692,65.19755822596073,5.706420983980558,10,Fail
4.722791211016828,80.18418379189552,59.29619131681224,7.69139701943274,10,Pass
7.076073132931938,96.76437312275283,67.15561240834683,4.618565865246126,2,Fail
3.9283479217800967,83.26927373764163,61.15232836590383,6.940336898249944,6,Pass
7.129287311628012,77.80899471191135,40.755116637171454,4.465127293064892,6,Fail
0.0,88.2940558118349,74.94400229170711,7.199644973650289,1,Fail
5.643805008750448,57.88864690992115,52.593651252580315,6.446537776553774,7,Fail
4.174094136476342,82.35614558108566,36.651271520103734,4.077302276141736,8,Fail
3.401985299068265,87.70865193886966,53.578272585511314,8.247109031685756,2,Pass
4.183521553071005,65.21413754220158,82.51139685951466,5.398112634802926,8,Fail
0.0248621707982144,91.43754043206928,72.7533261317024,5.2846213444784285,9,Fail
3.560656224324976,83.38496407494414,54.77021798388211,6.800853795846415,6,Pass
4.7142251430234925,75.84712086099199,54.76113443522357,8.222956024143073,5,Pass
6.955788089483033,86.32781866106285,55.17547423173926,4.976267271532405,9,Fail
2.9634595634527052,100.0,91.15121975341262,6.592519774771957,9,Fail
2.3830127942136246,81.81866255058495,65.7290317834733,7.143224750495859,1,Fail
2.996485912830927,82.48220586300336,66.45062470786604,7.539658410894717,3,Fail
5.830804235404148,75.40639100459757,75.45425181047763,6.7646623329158375,9,Pass
4.657502219319369,71.50155630535208,63.581837385397705,5.949458241375017,2,Pass
2.9404795924659224,88.30335816544246,56.11436781268945,5.258614669026921,4,Fail
5.026534866226712,71.43916174091133,57.05475226372533,6.629215824569562,4,Pass
4.194155098696081,80.71566237219392,58.92598110878904,4.89179148202159,2,Fail
5.937289981065779,75.22342553234883,59.44166645235238,3.0,3,Fail
2.5958938122452953,84.78979825746391,70.9144431545547,7.154839706236501,3,Fail
3.3446757068044635,83.33662105286949,60.77918828710949,7.855902261629293,1,Pass
3.215783693735685,90.375399442579,70.98960115823368,3.0,6,Fail
1.0729701037357628,74.89983601145254,58.78925129837126,4.985403942935093,8,Fail
4.592240554129152,77.30125064706628,61.17952785474136,7.428731391507797,3,Pass
4.522110544359778,70.21236284217693,30.026989732018386,9.586243204567548,5,Fail
4.010226913284922,75.55706739923889,73.74491512053723,6.531190561513112,1,Pass
3.5308257332497064,83.77300493044852,65.19732713846989,5.407995588156298,10,Pass
1.1692585158991715,87.56988616645351,74.97015164789478,6.22565533834274,7,Fail
3.158709354469282,70.77834675822375,16.556169327094658,8.562314628722277,10,Fail
3.314570966946461,88.6960592010566,91.32562057171091,5.531053731313197,1,Pass
2.395445461556762,93.55637858804951,57.90615557767239,5.301211990024619,9,Fail
3.6774285766679817,84.13434903223701,76.62274225106275,5.775884716726951,8,Pass
4.8081017136290765,98.76795812558066,44.401411093117034,5.070007087611931,7,Fail
7.772371802421061,72.26210800896428,69.19160857593855,6.684005473992193,10,Pass
4.349155625663678,67.55345296688583,44.198766552395156,8.93701768770434,7,Fail
4.515100781445529,62.212797510957216,50.64346558956292,6.984618909674044,5,Fail
3.8511081684676656,94.96044311489183,88.71047030800179,6.121469746810568,5,Pass
0.16245756940191702,86.54365656354058,57.1397639885498,6.062283096626684,5,Fail
3.946972249101566,79.44415329089544,63.26149309769584,4.155213786955015,1,Fail
4.120460419882053,82.7996862631982,73.05101596033131,7.824664665720738,8,Pass
8.926484224970572,68.74510952701624,67.43522831958907,6.383244204480797,1,Fail
3.615278070437755,100.0,62.256283577153646,6.229280129614062,4,Pass
4.603094684667225,81.29221181975228,65.47441503699338,10.0,9,Pass
3.9305764605895135,81.09394794604893,96.05123377857413,6.94812936254853,9,Pass
1.662643924760936,87.25766623898691,59.13571804449622,5.372313424857223,5,Fail
6.285645629030041,84.81009231736714,63.016485700724516,5.860463605691685,4,Pass
5.503866065373549,82.23884024279131,75.75981594011418,8.222668563795132,3,Pass
5.582063894086094,72.09525544554688,76.58288899436975,6.6699056158066465,3,Pass
2.181225090410522,84.71468357135996,77.8054545834057,4.34258303252395,5,Fail
6.805588621872198,98.82024496475034,69.58095333043777,7.878843401862805,10,Pass
1.1962978744154382,93.45420046154977,42.854926309042746,5.497783871691509,1,Fail
5.173714187600541,95.93186626639397,84.50147298451644,9.309946664326318,5,Pass
8.380911251619956,74.88784323568815,42.804819104719684,8.120072098571972,6,Fail
2.0189273497386235,70.1039517974142,64.5395319785855,5.829017156511873,7,Fail
2.867404540794456,78.74213079900352,48.68586224970963,8.421524542602668,9,Fail
4.199302730175282,80.55724912288694,59.03792480110511,6.601783265791105,3,Pass
2.9930486917676014,90.94191518470949,64.9314361545522,7.77916051268333,2,Fail
0.8986731378677346,63.07535370285181,64.8203582317541,7.227099225941712,3,Fail
4.137125949612055,95.29550319460614,66.32881131352927,5.23046501751369,9,Pass
1.8753925725477902,78.4199210142101,84.20566903587971,5.534675251523807,7,Fail
4.9471848612703635,75.7311893005258,66.8030145227097,8.044941226371742,9,Pass
2.1611515315323935,69.87895624739832,56.33765047064027,5.997837001840189,2,Fail
7.099868810035079,63.451433281342304,74.46130752432536,5.894527305137005,5,Fail
2.4334934153275256,88.23170583961914,77.8420573338696,5.0673161309759704,4,Fail
3.3558769675886486,80.73317967188405,41.58588277294511,7.135398598390191,2,Fail
5.62703443473934,67.10039100258946,68.96100104774787,9.593787378864718,9,Fail
1.5382713671320896,67.04921227936384,70.51759113466348,4.898700628618591,9,Fail
4.4549198692082586,76.64215300709871,55.53654744960012,6.536329185009137,6,Pass
6.614285508564857,96.69021525289392,80.6356021996743,8.618330833123144,6,Pass
0.7850335308775449,77.40408648636395,57.7491661945121,6.380537913131428,8,Fail
4.369267717064608,64.96857046881894,61.88364680207313,7.178557694374601,6,Fail
4.519765588496847,77.54256935914056,57.40392263574196,4.90640970777968,1,Fail
5.563645743554621,77.2727643025233,60.23368571372201,7.1424606458114726,4,Pass
1.526098578243836,53.03113357058429,43.55587369657197,6.219283602493177,7,Fail
1.3590867738314474,79.45705133482188,38.39923676108559,7.978594993519795,2,Fail
5.0438831312337955,77.69065469791322,83.91757594837458,8.281079077347126,9,Pass
4.5939693464663724,86.96206364813418,47.29557977522508,10.0,8,Fail
4.5009857006917535,98.48956094945345,45.129114758155396,7.369449759820363,8,Fail
4.692896418993952,91.26565029547757,27.699148295944276,6.98869447487325,7,Fail
2.6399505568430186,77.3111130944517,50.41557378465747,6.791576452366004,4,Fail
4.464507394322007,68.9347409125833,40.153653098887524,5.970250560783968,2,Fail
4.586144946597362,100.0,84.63022740204553,7.007725765192537,3,Pass
2.571297163947264,80.59218434014488,75.1472563401395,6.056897884791455,6,Fail
7.731549022289514,80.13929291912946,49.67774482233414,6.752691464404421,5,Fail
4.947665841823575,79.75874912889996,93.78653708016463,8.476396303411939,8,Pass
1.6173930055947028,81.98084760767856,74.72648230487391,4.990186152080538,6,Fail
5.313107217267659,78.55639588076058,55.12752924737066,8.209817841693567,6,Pass
2.050636659545357,74.26337993119763,22.508914276896405,8.475672601009798,1,Fail
5.574169207484904,74.53141058759608,94.36413858886112,6.322897209513382,4,Pass
6.317191158014808,79.67246729784002,39.15641299854606,3.317217651487108,5,Fail
2.358635363296579,74.56575228866235,35.31901879564663,5.5882670193583515,3,Fail
5.926752258488643,72.87154217322836,75.3385564801446,8.445491819841664,9,Pass
4.825561853872997,81.06430227691897,96.59628609508908,6.465697906551677,1,Pass
5.64412031998898,77.45022782579144,80.76409227765777,5.001046651557633,6,Pass
7.793585965307894,95.0399298858269,68.4586368007854,5.742837618157674,6,Pass
3.509223767994259,53.49030191606988,68.92131512497929,7.760930039756829,10,Fail
2.492527671285021,90.91506851922462,72.80123338170462,7.3201003523020685,5,Fail
2.2209711407489534,92.4608519249763,71.38392884680148,6.141601851245459,5,Fail
2.3683794300691234,59.2660976759185,64.21787135954064,5.949763382277968,10,Fail
3.8457965811717916,76.57312405919652,61.56301655927814,5.912362776434267,5,Pass
4.682303949633288,76.28559134004209,59.06110308150716,5.116384723252246,6,Pass
4.553381598660038,65.92488305282178,48.690531166999854,8.923063534204163,8,Fail
5.654366498072047,72.22183312409125,55.78987384699839,6.01651929618299,2,Pass
4.026003783755814,68.89424154534171,34.605647787069216,8.325737781238244,6,Fail
6.907068154314634,97.52270443423623,58.52490559807875,8.781974077883678,1,Pass
3.470686333524088,89.35678393147461,45.17113339273624,7.99746634722194,4,Fail
9.440338333179238,92.71555094994159,43.44616024176344,5.852569530922928,10,Fail
5.251334695530012,87.21672064043236,62.698412267302174,7.105595135504914,3,Pass
2.285684887167435,68.70948228782771,80.880034295169,6.463706590413626,9,Fail
1.8582150038777754,74.75479733720226,73.7747490900347,5.144447208904808,3,Fail
4.96494483048637,84.89374561227918,36.442490945652345,6.986538922582405,6,Fail
3.5530744293482983,67.77872191108054,45.15557795144494,4.731440313260296,1,Fail
5.428000988184184,87.12998430172388,74.11156781982324,8.281519082692345,6,Pass
4.94647524914709,77.59674601841866,45.26268909692536,5.80307405405241,4,Fail
3.8543421746862543,76.25179192450402,56.63050275004463,6.801739483809259,8,Pass
2.30641256386319,87.10959968203491,68.25078148536828,6.924931807319213,9,Fail
0.9703055506282707,84.4426331148604,45.47483317704547,6.111642539443884,4,Fail
3.106970095865958,76.3903383418092,61.580632592189396,7.380040702212912,10,Pass
5.712797588646945,91.59329803364248,39.989617576226934,5.787644515066213,10,Fail
4.4281874882604075,69.18936672400102,50.9794853407318,7.806945946185866,6,Fail
1.508522442576024,86.15935606944264,64.79672901213806,4.481030479629878,1,Fail
4.346361851702364,85.93101257968384,36.105093997024966,6.689569369319618,4,Fail
4.770634759457674,76.9045356068601,66.60712106940599,9.408393498587428,7,Pass
2.2322851275977342,83.26133022242118,59.70543301609978,4.999503013091638,1,Fail
4.307450211891056,67.48886423614697,68.28734931625722,5.483382544212723,8,Fail
4.116417436892,89.240270192069,63.358712010969924,7.270861774488372,10,Pass
1.7140594043387538,78.15097863557011,80.46210644960766,6.769372672909397,6,Fail
4.715574720696567,74.7727697948096,61.87836753971861,7.025945148910338,5,Pass
5.121569052736469,90.49009225836889,53.558916883121206,7.233780695221495,10,Pass
6.166102486350554,72.9565630945724,61.83446254548426,7.4520822028426545,9,Pass
6.1076041040698055,65.91538703636441,68.14947043554582,8.164549762934335,2,Fail
1.244661264085818,64.43370826476097,60.732901054885566,7.1147279853927685,5,Fail
2.124349920169754,86.0600995134564,60.608875368058236,6.138113518072187,6,Fail
5.0300705344173195,67.19570647503717,49.47012468289867,7.508860551804097,7,Fail
5.027571901824418,97.54794181984364,50.05648623673578,9.349822902342822,5,Pass
5.030095372612096,59.18070592116278,38.96092092300459,6.301049380426139,9,Fail
10.0,96.96456368290038,86.24365114780409,5.038206042994037,1,Pass
5.141781021386334,82.11017467202619,41.34205146913072,8.160621003930459,7,Fail
6.271131280361198,79.03286888129608,49.60642203306139,6.319428254069603,10,Fail
5.908003526986405,74.5508091319105,49.22389101646204,3.240995680978946,7,Fail
5.302782502611596,83.9913611435207,73.42386565416662,7.771132515725633,4,Pass
3.369461510719309,79.62365297575151,55.57575482561958,5.697007721069116,9,Pass
5.517938440986535,91.03301882016521,78.716131090106,6.364200076543759,5,Pass
2.4543495709248564,81.1422764866204,49.897640636341976,6.997970495853522,4,Fail
3.5263627865199823,81.50301761461877,64.18491243335703,6.7857495196686,7,Pass
3.029272904341793,76.36387787786144,47.46979420110364,7.564177725708559,4,Fail
4.163748278772645,79.43054376278933,92.17723691660083,5.846770444145235,3,Pass
8.629317133347017,83.0780176889206,42.18602371455731,7.269658697264124,9,Fail
0.2654696148165039,62.89831607343375,64.64731065340541,6.110679983624125,8,Fail
5.372520380749027,66.51814577894287,69.50665321398148,7.608215721331255,1,Fail
0.7745682576206967,87.43264094022715,66.20698646177247,7.42305122601958,7,Fail
3.056136268421133,81.70865438127942,57.220685116834375,5.096841946933107,9,Pass
6.177901193934732,78.1601666364732,58.05268950399861,8.128973174262548,8,Pass
4.128560038190925,80.18433933065393,60.657172079686646,5.696054832328928,8,Pass
1.8445104441413878,83.47581705361671,57.79496997557267,7.712086697421718,6,Fail
2.5693925814800638,74.60240319690638,74.45818675192365,7.050930970102011,4,Fail
5.359195497869352,72.21695274597687,93.15784502387027,9.257275515192685,8,Pass
2.5392667365657267,81.95845255097682,51.637623224882496,6.1648010264422215,3,Fail
4.43291717916395,70.21627222384969,39.45295530631383,5.9760248058227035,9,Fail
4.091143679807628,84.08252755714472,58.67576927473118,6.470870591168401,2,Pass
2.6967993047883656,62.9741639576216,98.69564006481477,6.045230325748587,2,Fail
8.28788817865065,90.29155637325644,47.944881480454036,7.699912852913075,7,Fail
5.267838044636022,84.72597482413043,84.58675208166102,4.075534087345118,10,Fail
0.0,82.56029734313876,85.1655122111466,4.919476371280469,4,Fail
4.3729086295388555,89.82690983945514,51.69617637438008,4.89829561763121,10,Fail
2.676427070463224,96.65474444462576,68.53474618777913,7.925461387960364,8,Fail
5.704866669592448,90.1437006501813,84.42594934692806,9.065920058872887,9,Pass
2.4149585231345987,61.59125768668355,54.313083885187694,6.343326172193793,7,Fail
3.770527117066202,67.20423033264298,56.946294598464576,6.246767415214984,5,Fail
5.0099745579609145,73.75181422304321,51.274786290770344,6.605078244669772,8,Pass
5.731510388340243,80.26091050210833,44.778649039607,8.242817453912286,4,Fail
1.5994071858884475,85.17659020469122,50.26083682400989,5.108970298714139,2,Fail
3.330997528318103,72.74256186846534,41.64089599856615,6.857553474102177,6,Fail
3.050109377678088,81.86766764477078,60.51125202388839,7.962796444673645,9,Pass
2.693341534852576,72.44617067646678,48.450401534120374,7.251641254909768,1,Fail
7.530908480562194,73.88482197008052,63.50678867686121,6.784372424898115,10,Pass
4.809963421921911,65.93338903151778,36.66156530694559,8.001569138850712,7,Fail
1.4782320913299096,70.76766753889096,64.96320348321686,3.0,10,Fail
5.835723894109552,66.48315394383667,72.50293442413387,7.516812979296361,9,Fail
8.244312394025266,70.24126747022667,30.093965361428168,5.5188864753088644,10,Fail
6.064930521102294,90.5364179660784,65.61084854771359,3.7540506547153147,9,Fail
0.9612600680919732,70.50601111168056,78.41503488709938,7.266803899287471,10,Fail
3.0315318542674974,100.0,41.855384719631914,8.560487817744438,3,Fail
6.533822298373245,84.93317900880889,85.08858580256555,6.293827228058462,5,Pass
2.5846610687624385,81.84836123694873,66.28528514049067,7.929311820804408,8,Fail
4.887638856292456,71.41642219818786,49.424822163623865,8.918417386982968,8,Fail
5.5492681068586736,87.00309879408991,59.16346383513441,8.472371680376071,4,Pass
2.1461390568438343,74.24362173762226,68.37490368782584,8.959946794057089,1,Fail
3.8809492878764,81.22009814645361,61.14008087118617,7.613191236607838,1,Pass
0.0,100.0,68.08133988669553,6.613150458352389,4,Fail
1.9512247173314203,79.03940100275351,46.1898961038095,4.097051282154247,6,Fail
3.4948636972136793,91.49273326285676,62.54041236054117,6.130906267805077,8,Pass
1.504433636070301,72.96823574874112,38.79428254642529,5.235130107025713,6,Fail
7.2648226078632705,79.65011509503039,58.33160907976949,9.75641407624672,9,Pass
1.1397172440787346,97.7080063563551,46.44138537802815,6.236171281351495,9,Fail
3.1199110266060326,73.73032942212232,48.9670508611535,6.684807210176729,2,Fail
4.2614811545721825,98.12448557996929,78.54139762815656,7.3272280640607015,10,Pass
6.8825465781322315,87.07751935455475,76.36965180891403,6.56540366955868,1,Pass
1.1282756976411212,74.37533224105732,69.13707181360766,9.042576560646129,2,Fail
6.326327504309919,86.3240773905552,43.61530852991132,5.566025957398322,5,Fail
4.020466122039174,89.7255444962673,55.25387325457797,6.7919111828558645,4,Pass
2.036982697904098,86.21809962217196,78.19646549968775,5.386294121452927,4,Fail
4.924206948526542,64.29775280109544,62.12575370459857,4.519966233168941,9,Fail
4.39811939114694,72.72862824175131,94.7899430997254,5.582346363642072,8,Pass
2.799566245682411,77.52481364448495,65.89976759091557,6.444444804427382,6,Fail
4.139604169980037,79.25566570899954,62.880736747350475,5.85604666322411,1,Pass
3.2293728062764795,86.20672097550678,55.363253036962476,5.461368530189216,2,Pass
4.227034690502496,81.77701000933254,62.00311357173423,4.390523804492249,6,Fail
5.324261349042093,66.64655641289899,57.712952454291845,6.375341641056957,2,Fail
7.172033632290704,83.80197851005963,70.62163015032885,4.242919438953496,10,Fail
1.524369002346302,86.10585745283824,74.35053475191876,7.640083945534403,5,Fail
8.266066749312532,85.5979044793104,48.21015809238076,6.623659629401755,5,Fail
0.09582440095499623,90.80780725554622,40.03150569663333,4.3136727508026045,6,Fail
3.6964298099288335,88.33922154548904,32.456919403450556,6.036186384425205,6,Fail
5.176634412969153,84.59180079228437,67.61986990368815,5.371765391614125,6,Pass
4.561983735470065,79.29834288541353,43.449500907391894,6.978761765628771,2,Fail
2.7546009603588124,63.39039066484008,27.706641105712755,8.510675669034717,10,Fail
3.5837554992854495,84.29618219132585,65.82867906796446,3.687241295531383,3,Fail
3.0139981306823342,82.07687687163111,97.39499276149186,6.672539118721126,6,Pass
2.821270486111577,82.71578837195374,59.9089363269016,6.2598008066500395,8,Fail
5.699204194042049,67.2325142417969,72.57736161677462,7.5070101146756985,1,Fail
4.714030971930095,69.18943459591738,61.22744037821347,6.819794942356534,1,Fail
2.6141808094786914,90.53152853332904,58.51665520213286,5.372046002391771,2,Fail
5.799199750866501,79.60444846143345,73.78614724481653,6.021419096500073,6,Pass
4.614599041753219,86.81500697372624,55.64588183717023,5.305961214794767,9,Pass
5.62572423767792,80.28318376130461,64.01088471107855,8.114010707897897,4,Pass
5.259257683847224,80.29756139495746,64.8254670929402,6.531967473007914,3,Pass
2.3420099781558554,89.38283805975998,49.978643195354266,9.351786028629512,8,Fail
2.879637919606061,74.83955271782627,74.88063524304785,6.409008779278069,10,Fail
5.494587210246523,80.96120776940984,57.37560364956887,5.437389849634306,9,Pass
5.22074053086693,75.37724711294958,48.66382260760733,4.229428411080759,5,Fail
3.9581968120717037,75.65503772567685,68.04764765355606,3.7952904856160825,9,Fail
4.234654766617564,76.90827876531361,46.52298027313444,4.123796085491765,2,Fail
6.55532979157685,82.22133771633713,60.42271736053692,6.900689976517225,3,Pass
2.8168572223283403,75.21251378336522,59.86321505033695,7.2630875348449,7,Fail
5.094194762340075,92.55756125573521,76.28843348747367,4.128213946951799,7,Fail
3.5956146951322117,71.05392697780496,67.12047349319928,7.842557471114173,6,Pass
3.5646375935455596,78.13128355838641,59.624595618822845,5.7754084224748405,6,Pass
6.19755370397438,75.60268941725825,72.26649448800431,6.720189517978324,2,Pass
5.6508326979760595,94.46977884353733,80.8531132352597,8.918330942383136,10,Pass
5.627019272001277,81.96554776511574,68.36715459527794,7.845258973798298,6,Pass
6.610957614308658,90.31844539468635,60.15528929765071,6.097204028141252,4,Pass
4.042007683265518,65.14439626963028,40.32245651474761,5.163211661877069,3,Fail
5.363905942589928,82.67050265869258,44.02329505386941,3.2722768980060426,2,Fail
3.379466486813088,88.89630795623437,55.421629434679986,5.42127002113637,1,Pass
4.648332704976884,80.82283989275425,50.85731696761076,6.1833046417584585,5,Pass
3.739713891264631,90.65480375065351,57.19543045521831,5.019230709273224,2,Pass
4.193991929985437,74.82711549899628,60.849748873456605,6.303114549361543,2,Pass
5.190314050873827,94.0934744018558,67.94539131535096,6.615277824438152,7,Pass
2.3635586335330547,100.0,58.94251832911363,6.162716027287882,8,Fail
8.184774551370921,76.37161439560342,67.29752465739303,5.52499612876481,10,Pass
1.987965237000596,75.54497478599228,60.9671162221518,6.7529820079500915,8,Fail
1.5716227744245357,94.533844771177,30.368001504691932,7.162910974354114,4,Fail
6.316221747000135,95.79572145730712,45.90996909271868,4.864401383835731,1,Fail
5.583325387925871,74.77139972846732,57.83868666417577,8.616398569619406,7,Pass
5.24823963410431,75.79813182904142,41.85457885738339,6.352117801573607,1,Fail
5.25669101852856,77.18215391139493,68.99893094994307,6.528274434417272,4,Pass
3.9755064543061707,66.55549488965723,82.96126248515546,7.562321634884835,8,Fail
2.2054912570283367,70.81348053515802,78.28142777545975,6.849824196895252,2,Fail
4.151609116387453,69.95859233247933,56.79835693604688,7.929704950869867,6,Fail
2.6456765769757764,72.32202434895872,82.36089205274928,6.930686247802736,6,Fail
5.9502394668355025,79.65315112613219,62.23001185803167,5.5813439380393435,9,Pass
3.705885236995723,82.3421473253652,54.94371043322941,7.042255287809152,5,Pass
2.349005606414977,95.50500492814076,50.7989600468859,4.7844106890190075,10,Fail
3.3572283166940133,70.0164595926121,55.462954702678076,6.662839558664785,4,Pass
4.825862908551248,89.84322398476584,54.17734772188157,6.450155014033308,5,Pass
2.8725508943920506,77.86011155774491,62.55624333563232,6.187824714091191,10,Fail
2.3555592088671373,79.50536290347567,62.40860971574797,6.307193732841604,5,Fail
4.487374422983825,86.74819492166604,60.04569030230122,3.6772264317535415,8,Fail
4.4899331422174455,68.77277978437701,66.55407254619524,5.676912638388558,10,Fail
2.9861136492577405,83.82409746184051,77.85969412179512,6.6392673517116725,8,Fail
3.0579233887633546,81.66452208213056,74.24331203161985,6.739784587996101,2,Pass
4.464099874715273,84.92451264008149,37.726530473251444,4.958487288611063,7,Fail
1.1038313170053518,82.89168643907819,21.691182976470678,8.398561761297051,8,Fail
1.1850724512468895,100.0,74.01479866858911,5.2007377276782485,6,Fail
2.563111557495128,73.62260015748684,39.49681952376868,7.954185800790105,5,Fail
3.5731056965763055,74.69003044998182,56.62851897160975,7.140791542807527,9,Pass
4.621815131196009,73.76859473575236,42.448304609109606,5.5306590352342955,3,Fail
6.950712433899104,74.44522880839746,32.970293436299706,9.162966338914268,10,Fail
5.7153192464040385,73.62612872693482,68.12194092307182,4.7095447523652805,4,Fail
3.680122940073146,91.89016531107552,71.3873274045397,7.878731260415002,9,Pass
3.9619675841946225,94.20504247989855,51.35234398909921,8.000873477064466,6,Pass
1.9949412707243823,74.29253706250523,21.134365617826354,5.494069686385033,8,Fail
3.96297372801522,71.67644426895771,51.806333276212754,8.588697950096494,7,Pass
3.422682722159723,84.71415556386404,65.8770600810382,6.1249302281015705,2,Pass
4.645437120676179,74.47776955719029,37.81632646838807,6.9330404439197855,3,Fail
2.345538112895354,86.32931817755511,62.750398796687335,6.890482758156831,1,Fail
5.038693028482345,82.029230208513,59.77035226240507,6.298536887794178,9,Pass
7.065477826005155,64.84255885002769,68.68937249401633,7.716212409739673,7,Fail
3.7824797030862847,95.47505201330061,61.7937055262123,7.690233080828319,1,Pass
4.8034234441978825,97.95877673095522,45.40396588677667,3.8772020401427287,3,Fail
5.380287983422225,73.87211309515614,77.94857252496737,8.456510364317229,4,Pass
3.1975590562283274,76.12298440064016,57.62205640459545,4.006262017946488,4,Fail
4.448184963620833,82.85865390724905,59.590431907351025,8.048819306512486,5,Pass
4.02518480156359,83.34456789987026,46.00098061390206,8.190057705241376,3,Fail
4.195352197097663,86.5854427267283,53.35076623212734,4.863550354677203,3,Fail
2.4539804322890673,100.0,46.727959289596484,5.883778568068123,1,Fail
4.049020348517885,78.2305277250595,57.405809101148655,4.841442997271097,7,Fail
4.9959965824909,72.01702755461547,85.67562720213516,6.177618454566897,10,Pass
6.902287215590084,66.20680771985472,39.421482856029655,6.037948573721388,1,Fail
5.918541652170414,72.69069960058081,35.79657903184888,7.669490798404009,2,Fail
8.306364915023114,79.66873027126204,82.06755491240412,8.465463119179413,4,Pass
2.465304874223901,97.94557863517788,56.86014484272201,8.593525716184935,4,Fail
5.744641273441356,74.82388700963828,49.963908920101254,5.656747960132547,5,Fail
4.366684011476703,82.23787951638899,75.59857031094114,6.186167189383208,2,Pass
8.379605866435345,79.83577103927247,50.91576690394704,3.9748427116685745,4,Fail
2.383403429289697,91.88393273448084,87.39014570320404,5.291194900255717,1,Fail
2.3205563156384477,100.0,70.16888807008904,7.947277449646187,2,Fail
2.8012147091119557,74.6913122707968,52.68132887781446,8.923374235322347,1,Fail
0.0,75.10560557481777,92.35962319898255,4.648476692180116,10,Fail
2.948489956638478,90.44160877069072,50.914276154949924,5.6113036112706585,10,Fail
2.481734676892604,86.81891489626311,71.13143058013961,6.46039136456161,4,Fail
4.300787572952415,98.46707325736034,64.48938870609737,6.92024173822941,4,Pass
4.683511951554319,85.83928185325964,79.52611934098198,5.285594720117531,7,Pass
7.7523416784317725,76.40707909212941,83.42266795090279,7.136091566696135,10,Pass
5.9008476763721,85.9065483069231,60.4800622359865,5.789240979393626,9,Pass
2.8461926886751936,91.08703580582907,48.69873194480725,6.4783215936825815,9,Fail
2.203170657303284,88.20482181197364,66.89958214408675,7.319426372005549,5,Fail
4.983838343013011,85.07274031107298,49.834269453718406,6.509633404716407,10,Fail
1.3595335859587157,90.66674689589154,90.20080871289935,5.845421164210147,1,Fail
7.6629175317087075,91.69295590445672,62.04802996624106,6.335585294111254,1,Pass
6.358880241442574,93.82158991037527,54.52017673031837,6.367455561191997,6,Pass
3.0616486957905904,86.48709887589642,62.77020458797362,5.944983455176809,2,Pass
0.573730941818245,78.32881919683146,39.793105657054554,6.111805905999346,8,Fail
6.707744748330826,81.46713686433323,45.42578942234023,8.897970755757076,9,Fail
3.7709203094947643,92.06508966508358,78.00620861916639,7.341379171911858,4,Pass
6.4756326239469235,71.83064329012764,50.14658581542906,6.056779522956259,5,Pass
0.8111446824112658,83.68673308872901,44.296335259770906,7.545431606766103,8,Fail
2.8012499540924543,76.0666118767264,68.04979128790929,5.999270765365985,3,Fail
4.010487399436366,80.28744822934817,77.78556231994496,8.259686956379962,5,Pass
4.093961187529484,92.78451862607298,70.784299659976,7.054463288297141,3,Pass
3.099869057041513,81.91099068019903,74.94071528708724,6.339046783993656,10,Pass
5.2456998646949975,80.46436548156149,48.64807367145809,7.171575388715416,3,Fail
1.8647591412348112,66.40143859020081,38.67283999887235,4.1436857718972515,3,Fail
3.7152410299574132,87.46253566027221,82.5200047793323,4.809848796635292,7,Fail
4.240591263423798,86.45484181141076,55.15980241736796,4.7091124904014166,7,Fail
5.028877668117498,100.0,56.23750475317429,6.71441464214556,7,Pass
5.423229756177779,76.92221765046999,79.92291212773587,9.098772499227637,10,Pass
1.7507158163242615,82.1915032766394,68.3434501410099,9.84695021928895,8,Fail
0.9317716585287554,82.49383683710755,66.83831658122412,7.457076652161136,5,Fail
6.555353643797018,95.77453279763475,92.47503517351626,7.251266712416685,5,Pass
4.6646280239591835,79.04704467613048,50.347226544297854,3.7984133987708915,4,Fail
2.5030269268868928,82.7902152577034,73.91760192121856,5.685989300398967,7,Fail
7.102303951045046,86.0789650971654,60.855196873456265,5.318324372137642,10,Pass
4.231349268585717,81.86609123156359,64.02888418294886,5.568728602623326,4,Pass
6.358594368127653,75.53566385449471,82.92702639618798,6.247784272122816,2,Pass
4.135036962820218,81.94089992898307,67.61753634434436,5.791864133454309,4,Pass
8.121495849763974,90.73631749859771,68.07444118574449,3.5310502844363185,8,Fail
7.510681684886409,69.73484700588939,76.08761005964703,7.621865384176301,9,Fail
3.502071703041853,81.32969674146877,54.52570905685672,4.89088546139029,3,Fail
5.943141901908711,72.99879185060827,47.4118549899149,6.8588702961667245,7,Fail
5.290751899170295,91.95046628924842,44.327862089684494,9.61112400462496,9,Fail
6.737263115064698,64.76813095216225,30.504651159359973,5.120923112620365,4,Fail
2.070153078839791,74.41078152728412,90.84310694910484,3.0,10,Fail
5.372102919996879,83.7721187506452,43.451874514174754,6.070993667179834,3,Fail
6.116848973699176,95.65524029234341,56.68119564621342,8.151439452497856,5,Pass
0.48252102715377143,79.34249738927012,55.84780050166619,9.43752118133089,1,Fail
1.6334829746684498,74.44800473306802,64.61110046713651,4.655675608321374,3,Fail
0.0,98.8115706944059,72.23605818808946,7.245048834854782,8,Fail
3.4611863311108846,65.51986099583756,72.90710232539618,5.80203431482992,8,Fail
5.435084511591924,58.01194043379918,51.25383842146592,6.341077468543796,4,Fail
7.004714104192056,84.40014450053333,57.49317429320383,10.0,2,Pass
4.14818956083955,74.97945775647389,64.2386992573245,4.245544507407271,8,Fail
7.257231091142584,69.78767182869287,56.2696331072468,6.88060949224186,8,Fail
1.2397970835702172,87.08356447299353,84.1101836402999,7.20153975764815,10,Fail
0.5932351212896907,82.43800713771199,67.36462427457377,8.12867948740902,4,Fail
3.8889046022067624,74.35921369263272,71.02316679074727,6.6469747302063436,3,Pass
4.768130897878614,67.19695601329106,69.94321903001119,6.962075809256153,2,Fail
3.9346105038118138,88.72457328280144,77.60210786227987,5.912527148867313,9,Pass
0.0,86.50201177958661,62.7153233805556,6.903690411867661,1,Fail
3.821759920974423,79.00824136220618,40.5475207806623,5.985211586753884,7,Fail
1.3910609989902936,98.46636996047665,65.99531927628962,7.432357834784076,5,Fail
5.339345097660077,69.29915233673847,50.22964659312257,5.945584495934549,8,Fail
4.733196492193697,64.74474829075261,52.07074977375365,7.06565059085328,4,Fail
2.1202404273452897,73.08091930118755,68.7954602813264,6.456105779472533,7,Fail
2.972266165326613,79.54413983644503,78.57424607150453,8.189075376158252,5,Fail
1.8815729562220969,82.43339449322691,60.319073651040924,6.422909414617271,5,Fail
3.874641805453656,77.5876394214367,64.63249518898445,3.840451297689678,9,Fail
5.910284641002477,83.52055396514297,85.53322416952857,8.392882251070988,9,Pass
2.0285479073289125,67.48460575809555,63.61129769232853,5.141401548706072,9,Fail
5.008093031035688,94.4376460407326,99.02524671270592,5.519350492026771,6,Pass
2.9394847632551184,79.17848821607431,68.48264468447316,5.606508058934762,6,Fail
2.4142543354753117,91.17295831588127,33.58855861266274,8.561657139756226,5,Fail
3.785939280090884,83.42725346377703,71.30012431656799,3.296488679031957,9,Fail
1.9295153551612518,84.56753219153784,65.71737577324167,10.0,10,Fail
2.892701389305636,85.69767280232205,79.34629131124119,8.084085213599078,8,Fail
1.604244214822303,84.47708560017315,70.09772026904938,6.834858371193739,7,Fail
7.929450265832779,86.42722759867544,57.92316024024339,6.41765899907557,7,Pass
4.070527103943458,93.29152530132431,41.635526455659516,6.928331112286485,6,Fail
2.6005489840148286,81.9652116970147,56.86465114070962,7.281683642569007,5,Fail
4.427959821468444,87.09003757588512,47.2421931868605,7.467823378925085,4,Fail
3.7753439006183402,79.10264305712774,51.29214825292916,7.333406699005173,3,Pass
3.558060800933554,94.40117215449473,68.82867606630914,6.634371021882873,3,Pass
5.22833340008685,73.2360769794073,85.0485675652711,6.2039923695390105,6,Pass
5.51501542009461,98.00940432910815,65.92007294734472,6.273090074519732,4,Pass
2.938997704778945,79.59842049355656,42.06175406947224,6.207637579470979,6,Fail
2.8483635187106398,65.69224897881952,66.66904002330212,8.200655145300598,3,Fail
3.449896605696712,81.2810441491079,77.94947229968477,7.390335083421293,4,Pass
0.0,73.1894834252512,50.85325643520927,3.0,9,Fail
0.9696178756028955,88.40643548988724,57.989742499906235,7.4838511647946415,5,Fail
6.733748534889049,73.4737602069761,60.22032292093795,6.792104292078163,7,Pass
7.289935427002567,75.5381656678522,48.2265253037664,6.471936865331154,10,Fail
3.501927920887243,61.10459269054469,69.72420650765788,5.917222320366672,2,Fail
5.153113926111533,75.47693680750923,58.18577777088328,8.18616907997902,5,Pass
4.622500309087072,55.76120673371044,66.29298665860541,7.921289693184287,9,Fail
10.0,64.16097176514276,46.6876173329685,5.340683498264586,3,Fail
6.2391498228691535,87.60414656144297,53.438125495148846,7.110578430686803,9,Pass
3.7441648170384667,87.85800158650832,70.83572036741657,5.042514898188071,6,Pass
2.0889191187991485,84.25457561784965,54.4075027186235,4.430572752816604,4,Fail
0.787107359484855,70.33023856870787,85.90445776850108,5.559924163115053,7,Fail
4.406927271734446,79.5228864385802,54.005457215780964,7.793590208574138,8,Pass
2.487298509431393,79.96397460909432,63.37027088627829,7.92968756806413,6,Fail
1.1554925808046517,68.41635310807457,73.98886247809635,7.269628130145939,5,Fail
2.7068542315149466,95.0339830176715,38.724514006004526,7.587643680271996,6,Fail
1.83690399277121,88.77362290575671,33.587867820288366,7.274267430672437,5,Fail
7.3742832701451295,77.79035826170336,37.11515528144858,5.537777607165571,8,Fail
5.763279513898901,80.26885838994531,78.93876155140774,7.147883817010911,1,Pass
3.984054717366765,82.08382807947552,51.7221278116133,7.700614287841523,7,Pass
6.959888277780052,59.58265131575709,98.37298928502378,7.631436994720362,10,Fail
4.154736615295237,77.52822617479403,51.53628602013917,8.283370057211965,10,Pass
2.2774315973434724,73.18015752002202,62.768269547955555,7.562455770801596,2,Fail
7.046248154539315,69.98379990105084,83.13164928851813,7.027172311312374,9,Fail
5.077820087369317,77.18899707114045,90.09139332238684,8.105225357474641,1,Pass
1.9255076913470872,97.97686526849523,90.92255364954596,6.46021811112641,10,Fail
3.6193226438327835,86.4084286126701,78.12549345889714,5.177188023158424,6,Pass
2.2487634932304856,74.28821010217203,75.36093788717193,6.255399554084354,9,Fail
1.2344005380713279,85.72582781356158,68.88790423801774,5.382646032790326,1,Fail
